{
	"info": {
		"_postman_id": "8b4ac674-48e9-402d-8d39-c0ab6eb66254",
		"name": "HibernateProject",
		"schema": "https://schema.getpostman.com/json/collection/v2.1.0/collection.json"
	},
	"item": [
		{
			"name": "/users",
			"request": {
				"method": "GET",
				"header": [],
				"url": {
					"raw": "http://localhost:8080/api/users",
					"protocol": "http",
					"host": [
						"localhost"
					],
					"port": "8080",
					"path": [
						"api",
						"users"
					]
				}
			},
			"response": []
		},
		{
			"name": "/tags",
			"request": {
				"method": "GET",
				"header": [],
				"url": {
					"raw": "http://localhost:8080/api/tags",
					"protocol": "http",
					"host": [
						"localhost"
					],
					"port": "8080",
					"path": [
						"api",
						"tags"
					]
				}
			},
			"response": []
		},
		{
			"name": "/tags/color",
			"request": {
				"method": "GET",
				"header": [],
				"url": {
					"raw": "http://localhost:8080/api/tags/color/GREEN",
					"protocol": "http",
					"host": [
						"localhost"
					],
					"port": "8080",
					"path": [
						"api",
						"tags",
						"color",
						"GREEN"
					]
				}
			},
			"response": []
		},
		{
			"name": "/tasks",
			"request": {
				"method": "GET",
				"header": [],
				"url": {
					"raw": "http://localhost:8080/api/tasks",
					"protocol": "http",
					"host": [
						"localhost"
					],
					"port": "8080",
					"path": [
						"api",
						"tasks"
					]
				}
			},
			"response": []
		},
		{
			"name": "/tasks/id/1",
			"request": {
				"method": "GET",
				"header": [],
				"url": {
					"raw": "http://localhost:8080/api/users",
					"protocol": "http",
					"host": [
						"localhost"
					],
					"port": "8080",
					"path": [
						"api",
						"users"
					]
				}
			},
			"response": []
		},
		{
			"name": "/tasks-user/id",
			"request": {
				"method": "GET",
				"header": [],
				"url": {
					"raw": "http://localhost:8080/api/tasks-user/id/1",
					"protocol": "http",
					"host": [
						"localhost"
					],
					"port": "8080",
					"path": [
						"api",
						"tasks-user",
						"id",
						"1"
					]
				}
			},
			"response": []
		},
		{
			"name": "/tasks-tags/id",
			"request": {
				"method": "GET",
				"header": [],
				"url": {
					"raw": "http://localhost:8080/api/tasks-tags/id/2",
					"protocol": "http",
					"host": [
						"localhost"
					],
					"port": "8080",
					"path": [
						"api",
						"tasks-tags",
						"id",
						"2"
					]
				}
			},
			"response": []
		},
		{
			"name": "/tasks-tags/color",
			"request": {
				"method": "GET",
				"header": [],
				"url": {
					"raw": "http://localhost:8080/api/tasks-tags/id/2",
					"protocol": "http",
					"host": [
						"localhost"
					],
					"port": "8080",
					"path": [
						"api",
						"tasks-tags",
						"id",
						"2"
					]
				}
			},
			"response": []
		},
		{
			"name": "/billinginfo",
			"request": {
				"method": "GET",
				"header": [],
				"url": {
					"raw": "http://localhost:8080/api/billinginfo",
					"protocol": "http",
					"host": [
						"localhost"
					],
					"port": "8080",
					"path": [
						"api",
						"billinginfo"
					]
				}
			},
			"response": []
		},
		{
			"name": "/api/billinginfo/post",
			"request": {
				"method": "POST",
				"header": [],
				"url": {
					"raw": "http://localhost:8080/api/billinginfo/post",
					"protocol": "http",
					"host": [
						"localhost"
					],
					"port": "8080",
					"path": [
						"api",
						"billinginfo",
						"post"
					]
				}
			},
			"response": []
		},
		{
			"name": "/api/users/post",
			"request": {
				"method": "POST",
				"header": [],
				"url": {
					"raw": "http://localhost:8080/api/billinginfo/post",
					"protocol": "http",
					"host": [
						"localhost"
					],
					"port": "8080",
					"path": [
						"api",
						"billinginfo",
						"post"
					]
				}
			},
			"response": []
		},
		{
			"name": "/api/tasks/post",
			"request": {
				"method": "POST",
				"header": [],
				"url": {
					"raw": "http://localhost:8080/api/tasks/post",
					"protocol": "http",
					"host": [
						"localhost"
					],
					"port": "8080",
					"path": [
						"api",
						"tasks",
						"post"
					]
				}
			},
			"response": []
		},
		{
			"name": "/api/tags/post",
			"request": {
				"method": "POST",
				"header": [],
				"url": {
					"raw": "http://localhost:8080/api/tags/post",
					"protocol": "http",
					"host": [
						"localhost"
					],
					"port": "8080",
					"path": [
						"api",
						"tags",
						"post"
					]
				}
			},
			"response": []
		},
		{
			"name": "api/users/name/Marcos",
			"request": {
				"method": "GET",
				"header": [],
				"url": {
					"raw": "api/users/name/Marcos",
					"host": [
						"api"
					],
					"path": [
						"users",
						"name",
						"Marcos"
					]
				}
			},
			"response": []
		},
		{
			"name": "users/isActive/1",
			"request": {
				"method": "GET",
				"header": [],
				"url": {
					"raw": "http://localhost:8080/api/user/isActive/1",
					"protocol": "http",
					"host": [
						"localhost"
					],
					"port": "8080",
					"path": [
						"api",
						"user",
						"isActive",
						"1"
					]
				}
			},
			"response": []
		},
		{
			"name": "users/id/1",
			"request": {
				"method": "GET",
				"header": [],
				"url": {
					"raw": "http://localhost:8080/api/users/id/1",
					"protocol": "http",
					"host": [
						"localhost"
					],
					"port": "8080",
					"path": [
						"api",
						"users",
						"id",
						"1"
					]
				}
			},
			"response": []
		},
		{
			"name": "billinginfo/id/1",
			"request": {
				"method": "GET",
				"header": [],
				"url": {
					"raw": "http://localhost:8080/api/billinginfo/id/1",
					"protocol": "http",
					"host": [
						"localhost"
					],
					"port": "8080",
					"path": [
						"api",
						"billinginfo",
						"id",
						"1"
					]
				}
			},
			"response": []
		},
		{
			"name": "billinginfo/id/1",
			"request": {
				"method": "GET",
				"header": [],
				"url": {
					"raw": "http://localhost:8080/api/billinginfo/id/1",
					"protocol": "http",
					"host": [
						"localhost"
					],
					"port": "8080",
					"path": [
						"api",
						"billinginfo",
						"id",
						"1"
					]
				}
			},
			"response": []
		},
		{
			"name": "billinginfo/creditcard",
			"request": {
				"method": "GET",
				"header": [],
				"url": {
					"raw": "http://localhost:8080/api/billinginfo/creditcard/8292910C",
					"protocol": "http",
					"host": [
						"localhost"
					],
					"port": "8080",
					"path": [
						"api",
						"billinginfo",
						"creditcard",
						"8292910C"
					]
				}
			},
			"response": []
		},
		{
			"name": "/users/update/1",
			"request": {
				"method": "PUT",
				"header": [],
				"url": {
					"raw": "users/update/1",
					"host": [
						"users"
					],
					"path": [
						"update",
						"1"
					]
				}
			},
			"response": []
		},
		{
			"name": "/billinginfo/update/1",
			"request": {
				"method": "PUT",
				"header": [],
				"url": {
					"raw": "http://localhost:8080/api/billinginfo/update/1",
					"protocol": "http",
					"host": [
						"localhost"
					],
					"port": "8080",
					"path": [
						"api",
						"billinginfo",
						"update",
						"1"
					]
				}
			},
			"response": []
		},
		{
			"name": "/billinginfo-user/id/1",
			"request": {
				"method": "GET",
				"header": [],
				"url": {
					"raw": "http://localhost:8080/api/billinginfo-user/id/1",
					"protocol": "http",
					"host": [
						"localhost"
					],
					"port": "8080",
					"path": [
						"api",
						"billinginfo-user",
						"id",
						"1"
					]
				}
			},
			"response": []
		},
		{
			"name": "/tags/update/1",
			"request": {
				"method": "PUT",
				"header": [],
				"url": {
					"raw": "http://localhost:8080/api/tags/update/1",
					"protocol": "http",
					"host": [
						"localhost"
					],
					"port": "8080",
					"path": [
						"api",
						"tags",
						"update",
						"1"
					]
				}
			},
			"response": []
		}
	]
}